DOCENTE,GRUPO,MATERIA,ALUMNO,ESTADO,ASISTIO,FECHA
DRA. MARIA GARCIA LUNA,3A IA,MATEMATICAS,GARCIA CANALES ALONNDRA,PUNTUAL,SI,25-SEP-26
DRA. MARIA GARCIA LUNA,3A IA,MATEMATICAS,MORENO PACHECO ESTEFANY PAMELA,PUNTUAL,SI,25-SEP-26
DRA. MARIA GARCIA LUNA,3A IA,MATEMATICAS,ORTEGA ESTUDILLO FERNANDO,PUNTUAL,SI,25-SEP-26
DRA. MARIA GARCIA LUNA,3A IA,MATEMATICAS,ORTEGA ESTUDILLO JOSE EDUARDO,PUNTUAL,SI,25-SEP-26
DRA. MARIA GARCIA LUNA,3A IA,MATEMATICAS,FATIMA,ATRASADO,SI,26-SEP-26
DRA. MARIA GARCIA LUNA,3A IA,MATEMATICAS,CLAUDIA,PUNTUAL,SI,26-SEP-26
DRA. MARIA GARCIA LUNA,3A IA,MATEMATICAS,REINA,PUNTUAL,SI,26-SEP-26
DRA. MARIA GARCIA LUNA,3A IA,MATEMATICAS,FATIMA,ATRASADO,SI,26-SEP-26
DRA. MARIA GARCIA LUNA,3A IA,MATEMATICAS,CLAUDIA,PUNTUAL,SI,26-SEP-26
DRA. MARIA GARCIA LUNA,3A IA,MATEMATICAS,REINA,PUNTUAL,SI,26-SEP-26
